{"type": "metrics", "dataset": "train", "precision": 0.6912170145726664, "balanced_accuracy": 0.6615585055811825, "recall": 0.37142857142857144, "f1_score": 0.48320484581497797}
{"type": "metrics", "dataset": "test", "precision": 0.6773017319963537, "balanced_accuracy": 0.6698860659982859, "recall": 0.3898216159496327, "f1_score": 0.49483849483849485}
{"type": "cm_matrix", "dataset": "train", "true_0": {"predicted_0": 15444, "predicted_1": 784}, "true_1": {"predicted_0": 2970, "predicted_1": 1755}}
{"type": "cm_matrix", "dataset": "test", "true_0": {"predicted_0": 6719, "predicted_1": 354}, "true_1": {"predicted_0": 1163, "predicted_1": 743}}
